{"learning_rate": 0.9670874313647654, "reg_lambda": 3.2647658133522565e-06, "reg_alpha": 1.6886019237127113e-05, "subsample": 0.894183826992992, "colsample_bytree": 0.8902085112758421, "max_depth": 1, "min_child_weight": 3, "gamma": 0.9}